/* CREATION DE LA BASE DE DONNEES */
set serveroutput on;

/* SUPPRESSION DES TABLES DE LA BASE DE DONNEES */
/* Toutes les tables et les séquences créées sont d'abord supprimées en cas d'erreur de script */
DROP TABLE GAMME CASCADE CONSTRAINTS;
DROP TABLE CATEGORIE CASCADE CONSTRAINTS;
DROP TABLE PRODUIT CASCADE CONSTRAINTS;
DROP TABLE EXEMPLAIRE CASCADE CONSTRAINTS;
DROP TABLE DOMAINE CASCADE CONSTRAINTS;
DROP TABLE SOCIETE CASCADE CONSTRAINTS;
DROP TABLE SERVICE CASCADE CONSTRAINTS;
DROP TABLE EMPLOYE CASCADE CONSTRAINTS;
DROP TABLE REDUCTION CASCADE CONSTRAINTS;
DROP TABLE ACHAT CASCADE CONSTRAINTS;
DROP TABLE RESERVER CASCADE CONSTRAINTS;
DROP TABLE LOUER CASCADE CONSTRAINTS;

DROP SEQUENCE  SEQ_EMPLOYE;
DROP SEQUENCE  SEQ_EXEMPLAIRE;
DROP SEQUENCE  SEQ_PRODUIT;
DROP SEQUENCE  SEQ_SERVICE;

/* SCRIPT DE CREATION DES TABLES */
/* Les tables ne possédant pas de clés étrangères sont créées en premier dans la base de données */

/* Création de la table GAMME */
CREATE TABLE GAMME
(
CODEG VARCHAR2(5) NOT NULL,
NOMG VARCHAR2(50) NOT NULL,
SECTEURG VARCHAR2(50) NOT NULL
CHECK(SECTEURG IN ('Gastronomie', 'Avantages salariés', 'Loisirs et culture','Vacances et voyage')),
CONSTRAINT PK_GAMME PRIMARY KEY (CODEG)
);

/* Création de la table CATEGORIE */
CREATE TABLE CATEGORIE
(
CODECAT VARCHAR2(5) NOT NULL,
NOMCAT VARCHAR2(100) NOT NULL,
SUPERCAT VARCHAR2(100) NOT NULL,
CONSTRAINT PK_CATEGORIE PRIMARY KEY (CODECAT)
);

/* Les tables possédant des clés étrangères sont maintenant crées dans la base de données */
/* Création de la table PRODUIT */
CREATE TABLE PRODUIT
(
CODEP NUMBER(5) NOT NULL,
NOMP VARCHAR2(50),
MARQUEP VARCHAR2(50),
PRIX_LOC_JOUR NUMBER(5,2)
CHECK (PRIX_LOC_JOUR>0),
PRIX_VENTE NUMBER(5,2)
CHECK (PRIX_VENTE>0),
CODEG VARCHAR2(5),
CONSTRAINT PK_PRODUIT PRIMARY KEY (CODEP)
);

/* Création de la table EXEMPLAIRE */
CREATE TABLE EXEMPLAIRE
(
CODEEX NUMBER(5) NOT NULL,
CODEP NUMBER(5) NOT NULL,
CONSTRAINT PK_EXEMPLAIRE PRIMARY KEY (CODEEX)
);

/* Création de la table DOMAINE */
CREATE TABLE DOMAINE
(
CODEDO VARCHAR2(7) NOT NULL,
NOMDO VARCHAR2(100) NOT NULL,
CODEDO_SUP VARCHAR2(7),
CONSTRAINT PK_DOMAINE PRIMARY KEY (CODEDO)
);

/* Création de la table SOCIETE */
CREATE TABLE SOCIETE
(
CODESOC VARCHAR2(14) NOT NULL,
NOMSOC VARCHAR2(100),
VILLESOC VARCHAR2(50),
DEPARTEMENTSOC VARCHAR2(50),
REGIONSOC VARCHAR2(50),
CODEDO VARCHAR2(7) NOT NULL,
CONSTRAINT PK_SOCIETE PRIMARY KEY (CODESOC)
);

/* Création de la table SERVICE */
CREATE TABLE SERVICE
(
CODESE NUMBER(4) NOT NULL,
NOMSE VARCHAR2(50),
CODESOC VARCHAR2(14) NOT NULL,
CONSTRAINT PK_SERVICE PRIMARY KEY (CODESE)
);

/* Création de la table EMPLOYE */
CREATE TABLE EMPLOYE
(
CODEE NUMBER(4) NOT NULL,
NOME VARCHAR2(50),
PRENOME VARCHAR2(50),
CODECAT VARCHAR2(5) NOT NULL,
CODESE NUMBER(4) NOT NULL,
CONSTRAINT PK_EMPLOYE PRIMARY KEY (CODEE)
);

/* Création de la table REDUCTION */
CREATE TABLE REDUCTION
(
CODEG VARCHAR2(5) NOT NULL,
CODECAT VARCHAR2(5) NOT NULL,
ANNEE NUMBER(5) NOT NULL
CHECK (ANNEE>0),
REDUC_LOC NUMBER(5,3)
CHECK (REDUC_LOC>0 AND REDUC_LOC<=1),
REDUC_ACHAT NUMBER(5,3)
CHECK (REDUC_ACHAT>0 AND REDUC_ACHAT<=1),
CONSTRAINT PK_REDUCTION PRIMARY KEY (CODEG,CODECAT,ANNEE)
);

/* Création de la table ACHAT */
CREATE TABLE ACHAT
(
CODEP NUMBER(5) NOT NULL,
CODEE NUMBER(4) NOT NULL,
DATEA DATE NOT NULL,
QTE NUMBER(5) NOT NULL
CHECK (QTE>0),
CONSTRAINT PK_ACHAT PRIMARY KEY (CODEP,CODEE,DATEA)
);

/* Création de la table RESERVER */
CREATE TABLE RESERVER
(
CODEP NUMBER(5) NOT NULL,
CODEE NUMBER(4) NOT NULL,
DATELPREV DATE,
NB_EX_PREV NUMBER(4) NOT NULL
CHECK (NB_EX_PREV>0),
DATERESA DATE NOT NULL,
DUREE_PREV NUMBER(4) NOT NULL
CHECK (DUREE_PREV>0),
CONSTRAINT PK_RESERVER PRIMARY KEY (CODEP,CODEE,DATELPREV)
);

/* Création de la table LOUER */
CREATE TABLE LOUER
(
CODEEX NUMBER(5) NOT NULL,
CODEE NUMBER(4) NOT NULL,
DATEL DATE NOT NULL,
DUREE_LOC NUMBER(4) NOT NULL
CHECK (DUREE_LOC>0),
CONSTRAINT PK_LOUER PRIMARY KEY (CODEEX,CODEE,DATEL)
);

/* CONTRAINTES CLES ETRANGERES */

/* Table PRODUIT */
ALTER TABLE PRODUIT ADD (
     CONSTRAINT FK_PRODUIT_GAMME
          FOREIGN KEY (CODEG)
               REFERENCES GAMME(CODEG));

/* Table EXEMPLAIRE */
ALTER TABLE EXEMPLAIRE ADD (
     CONSTRAINT FK_EXEMPLAIRE_PRODUIT
          FOREIGN KEY (CODEP)
               REFERENCES PRODUIT(CODEP));

/* Table EMPLOYE */
ALTER TABLE EMPLOYE ADD (
     CONSTRAINT FK_EMPLOYE_CATEGORIE
          FOREIGN KEY (CODECAT)
               REFERENCES CATEGORIE(CODECAT),
    CONSTRAINT FK_EMPLOYE_SERVICE
          FOREIGN KEY (CODESE)
               REFERENCES SERVICE(CODESE));

/* Table SOCIETE */
ALTER TABLE SOCIETE ADD (
     CONSTRAINT FK_SOCIETE_DOMAINE
          FOREIGN KEY (CODEDO)
               REFERENCES DOMAINE(CODEDO));
               
/* Table SERVICE */
ALTER TABLE SERVICE ADD (
     CONSTRAINT FK_SERVICE_SOCIETE
          FOREIGN KEY (CODESOC)
               REFERENCES SOCIETE(CODESOC));

/* Table REDUCTION */
ALTER TABLE REDUCTION ADD (
     CONSTRAINT FK_REDUCTION_GAMME
          FOREIGN KEY (CODEG)
               REFERENCES GAMME(CODEG),
    CONSTRAINT FK_REDUCTION_CATEGORIE
          FOREIGN KEY (CODECAT)
               REFERENCES CATEGORIE(CODECAT));
               
/* Table ACHAT */
ALTER TABLE ACHAT ADD (
     CONSTRAINT FK_ACHAT_PRODUIT
          FOREIGN KEY (CODEP)
               REFERENCES PRODUIT(CODEP),
    CONSTRAINT FK_ACHAT_EMPLOYE
          FOREIGN KEY (CODEE)
               REFERENCES EMPLOYE(CODEE));
               
/* Table RESERVER */
ALTER TABLE RESERVER ADD (
     CONSTRAINT FK_RESERVER_PRODUIT
          FOREIGN KEY (CODEP)
               REFERENCES PRODUIT(CODEP),
    CONSTRAINT FK_RESERVER_EMPLOYE
          FOREIGN KEY (CODEE)
               REFERENCES EMPLOYE(CODEE));
               
/* Table LOUER */
ALTER TABLE LOUER ADD (
     CONSTRAINT FK_LOUER_EXEMPLAIRE
          FOREIGN KEY (CODEEX)
               REFERENCES EXEMPLAIRE(CODEEX),
    CONSTRAINT FK_LOUER_EMPLOYE
          FOREIGN KEY (CODEE)
               REFERENCES EMPLOYE(CODEE));

/* Ajout des contraintes fournies dans le dictionnaire des données */
/* Table RESERVER */
ALTER TABLE RESERVER ADD (
     CONSTRAINT CK_DATE_RESA
          CHECK (DATERESA <=DATELPREV));
 
 /* Table PRODUIT */
ALTER TABLE PRODUIT ADD (
     CONSTRAINT CK_PRIX_VENTE
          CHECK (PRIX_VENTE > PRIX_LOC_JOUR));

/* CREATION DES SEQUENCES */
CREATE SEQUENCE  SEQ_EMPLOYE  MINVALUE 1 MAXVALUE 9999999999 INCREMENT BY 1 START WITH 1 CACHE 20 NOORDER  NOCYCLE;
CREATE SEQUENCE  SEQ_EXEMPLAIRE  MINVALUE 1 MAXVALUE 9999999999 INCREMENT BY 1 START WITH 1 CACHE 20 NOORDER  NOCYCLE;
CREATE SEQUENCE  SEQ_PRODUIT  MINVALUE 1 MAXVALUE 9999999999 INCREMENT BY 1 START WITH 1 CACHE 20 NOORDER  NOCYCLE;
CREATE SEQUENCE  SEQ_SERVICE  MINVALUE 1 MAXVALUE 9999999999 INCREMENT BY 1 START WITH 1 CACHE 20 NOORDER  NOCYCLE;

/* Gestion des dates */
create or replace TRIGGER CHECK_DATE_ACHAT
BEFORE INSERT ON ACHAT
REFERENCING NEW AS N 
FOR EACH ROW
BEGIN
  IF(:N.DATEA>SYSDATE) then
    raise_application_error(-20100, 'La date d''achat saisie n''est pas valide');
  END IF;
END;
/
create or replace TRIGGER CHECK_DATE_LOCATION
BEFORE INSERT ON LOUER
REFERENCING NEW AS N 
FOR EACH ROW
BEGIN
  IF(:N.DATEL>SYSDATE) then
    raise_application_error(-20101, 'La date de location saisie n''est pas valide');
  END IF;
END;
/
create or replace TRIGGER CHECK_DATE_RESERVATION
BEFORE INSERT ON RESERVER
REFERENCING NEW AS N 
FOR EACH ROW
BEGIN
  IF(:N.DATELPREV>=SYSDATE) then
    raise_application_error(-20102, 'La date de reservation précédente saisie n''est pas valide');
  END IF;
END;
/
create or replace TRIGGER NOUVEL_EMPLOYE
BEFORE INSERT ON EMPLOYE
REFERENCING NEW AS N 
FOR EACH ROW
BEGIN
  :N.CODEE:=SEQ_EMPLOYE.NEXTVAL();
END;
/
create or replace TRIGGER NOUVEAU_SERVICE
BEFORE INSERT ON SERVICE
REFERENCING NEW AS N 
FOR EACH ROW
BEGIN
  :N.CODESE:=SEQ_SERVICE.NEXTVAL();
END;
/
create or replace TRIGGER NOUVEL_EXEMPLAIRE
BEFORE INSERT ON EXEMPLAIRE
REFERENCING NEW AS N 
FOR EACH ROW
BEGIN
  :N.CODEEX:=SEQ_EXEMPLAIRE.NEXTVAL();
END;
/
create or replace TRIGGER NOUVEAU_PRODUIT
BEFORE INSERT ON PRODUIT
REFERENCING NEW AS N 
FOR EACH ROW
BEGIN
  :N.CODEP:=SEQ_PRODUIT.NEXTVAL();
END;
/

/* INSERTION DES DONNEES */
/* Insertion des gammes */
INSERT INTO GAMME(CODEG, NOMG, SECTEURG) VALUES('G0001', 'Colis gastronomique','Gastronomie');
INSERT INTO GAMME(CODEG, NOMG, SECTEURG) VALUES('G0002', 'Chocolats '||'&'||' confiseries','Gastronomie');
INSERT INTO GAMME(CODEG, NOMG, SECTEURG) VALUES('G0003', 'Vins '||'&'||' spiritueux','Gastronomie');
INSERT INTO GAMME(CODEG, NOMG, SECTEURG) VALUES('G0004', 'Biscuits ','Gastronomie');
INSERT INTO GAMME(CODEG, NOMG, SECTEURG) VALUES('G0005', 'Champagne','Gastronomie');
INSERT INTO GAMME(CODEG, NOMG, SECTEURG) VALUES('G0006', 'Stage de cuisine','Gastronomie');

INSERT INTO GAMME(CODEG, NOMG, SECTEURG) VALUES('A0001', 'Coffrets cadeaux','Avantages salariés');
INSERT INTO GAMME(CODEG, NOMG, SECTEURG) VALUES('A0002', 'Cartes '||'&'||' Chèques cadeaux','Avantages salariés');
INSERT INTO GAMME(CODEG, NOMG, SECTEURG) VALUES('A0003', 'Santé, beauté','Avantages salariés');
INSERT INTO GAMME(CODEG, NOMG, SECTEURG) VALUES('A0004', 'Electroménager','Avantages salariés');
INSERT INTO GAMME(CODEG, NOMG, SECTEURG) VALUES('A0005', 'Voiture','Avantages salariés');
INSERT INTO GAMME(CODEG, NOMG, SECTEURG) VALUES('A0006', 'Equipement de la maison','Avantages salariés');
INSERT INTO GAMME(CODEG, NOMG, SECTEURG) VALUES('A0007', 'Gros Travaux '||'&'||' Bricolage','Avantages salariés');
INSERT INTO GAMME(CODEG, NOMG, SECTEURG) VALUES('A0008', 'Téléphonie, Informatique','Avantages salariés');
INSERT INTO GAMME(CODEG, NOMG, SECTEURG) VALUES('A0009', 'Décoration','Avantages salariés');

INSERT INTO GAMME(CODEG, NOMG, SECTEURG) VALUES('L0001', 'Parc d''attraction','Loisirs et culture');
INSERT INTO GAMME(CODEG, NOMG, SECTEURG) VALUES('L0002', 'Sorties '||'&'||' week-ends','Loisirs et culture');
INSERT INTO GAMME(CODEG, NOMG, SECTEURG) VALUES('L0003', 'Billetterie','Loisirs et culture');
INSERT INTO GAMME(CODEG, NOMG, SECTEURG) VALUES('L0004', 'Cinéma','Loisirs et culture');
INSERT INTO GAMME(CODEG, NOMG, SECTEURG) VALUES('L0005', 'Sports','Loisirs et culture');
INSERT INTO GAMME(CODEG, NOMG, SECTEURG) VALUES('L0006', 'DVD, vidéos '||'&'||' jeux vidéo','Loisirs et culture');
INSERT INTO GAMME(CODEG, NOMG, SECTEURG) VALUES('L0007', 'Séjours linguistiques','Loisirs et culture');
INSERT INTO GAMME(CODEG, NOMG, SECTEURG) VALUES('L0008', 'Livres '||'&'||' édition','Loisirs et culture');
INSERT INTO GAMME(CODEG, NOMG, SECTEURG) VALUES('L0009', 'Musées','Loisirs et culture');

INSERT INTO GAMME(CODEG, NOMG, SECTEURG) VALUES('V0001', 'Voyages à l''étranger','Vacances et voyage');
INSERT INTO GAMME(CODEG, NOMG, SECTEURG) VALUES('V0002', 'Séjours en France','Vacances et voyage');
INSERT INTO GAMME(CODEG, NOMG, SECTEURG) VALUES('V0003', 'Chèques - Vacances','Vacances et voyage');
INSERT INTO GAMME(CODEG, NOMG, SECTEURG) VALUES('V0004', 'Vacances enfants - Soutien scolaire','Vacances et voyage');
INSERT INTO GAMME(CODEG, NOMG, SECTEURG) VALUES('V0005', 'Hébergement - Campings et Mobil-homes','Vacances et voyage');

/* Insertion des Produits */
INSERT INTO PRODUIT(NOMP, MARQUEP, PRIX_LOC_JOUR, PRIX_VENTE, CODEG) VALUES('DVD: Jurassic World 2', 'Universal', 1, 10, 'L0006');
INSERT INTO PRODUIT(NOMP, MARQUEP, PRIX_LOC_JOUR, PRIX_VENTE, CODEG) VALUES('DVD: Jurassic World', 'Universal', 1, 8, 'L0006');
INSERT INTO PRODUIT(NOMP, MARQUEP, PRIX_VENTE, CODEG) VALUES('Voyage à la Réunion', 'Fram', 500, 'V0001');
INSERT INTO PRODUIT(NOMP, MARQUEP, PRIX_VENTE, CODEG) VALUES('Petits écoliers 200g', 'LU', 1, 'G0002');
INSERT INTO PRODUIT(NOMP, MARQUEP, PRIX_VENTE, CODEG) VALUES('BN 300g', 'LU', 1.5, 'G0002');
INSERT INTO PRODUIT(NOMP, MARQUEP, PRIX_LOC_JOUR, CODEG) VALUES('Le Châlet Toulouse' , 'IRM', 150,'V0005');

/* Insertion des Exemplaires */
INSERT INTO EXEMPLAIRE(CODEP) VALUES(1);
INSERT INTO EXEMPLAIRE(CODEP) VALUES(1);
INSERT INTO EXEMPLAIRE(CODEP) VALUES(1);
INSERT INTO EXEMPLAIRE(CODEP) VALUES(1);
INSERT INTO EXEMPLAIRE(CODEP) VALUES(2);
INSERT INTO EXEMPLAIRE(CODEP) VALUES(2);
INSERT INTO EXEMPLAIRE(CODEP) VALUES(2);
INSERT INTO EXEMPLAIRE(CODEP) VALUES(2);
INSERT INTO EXEMPLAIRE(CODEP) VALUES(3);

/* Insertion des Domaines */
INSERT INTO DOMAINE(CODEDO, NOMDO) VALUES('014-000', 'Industrie de l''habillement');
INSERT INTO DOMAINE(CODEDO, NOMDO, CODEDO_SUP) VALUES('014-001', 'Fabrication de vêtements en cuir', '014-000');
INSERT INTO DOMAINE(CODEDO, NOMDO) VALUES('062-000', 'Programmation, conseil et autres activités informatiques');
INSERT INTO DOMAINE(CODEDO, NOMDO, CODEDO_SUP) VALUES('062-001', 'Programmation informatique', '062-000');
INSERT INTO DOMAINE(CODEDO, NOMDO, CODEDO_SUP) VALUES('062-002', 'Conseil en systèmes et logiciels informatiques', '062-000');
INSERT INTO DOMAINE(CODEDO, NOMDO, CODEDO_SUP) VALUES('062-003', 'Tierce maintenance de systèmes et d''applications informatiques', '062-000');
INSERT INTO DOMAINE(CODEDO, NOMDO, CODEDO_SUP) VALUES('062-004', 'Gestion d''installations informatiques', '062-000');
INSERT INTO DOMAINE(CODEDO, NOMDO, CODEDO_SUP) VALUES('062-005', 'Autres activités informatiques', '062-000');

/* Insertion des Sociétés */
INSERT INTO SOCIETE(CODESOC, NOMSOC, VILLESOC, DEPARTEMENTSOC, REGIONSOC, CODEDO) VALUES('47994258300069', 'SOGETI', 'Toulouse', 'Haute-Garonne', 'Occitanie', '062-001');
INSERT INTO SOCIETE(CODESOC, NOMSOC, VILLESOC, DEPARTEMENTSOC, REGIONSOC, CODEDO) VALUES('33070384400036', 'CAPGEMINI', 'Toulouse', 'Haute-Garonne', 'Occitanie', '062-000');
INSERT INTO SOCIETE(CODESOC, NOMSOC, VILLESOC, DEPARTEMENTSOC, REGIONSOC, CODEDO) VALUES('32682006500083', 'SOPRA STERIA', 'Toulouse', 'Haute-Garonne', 'Occitanie', '062-005');
INSERT INTO SOCIETE(CODESOC, NOMSOC, VILLESOC, DEPARTEMENTSOC, REGIONSOC, CODEDO) VALUES('34899155500460', 'ZARA(FRANCE)', 'Paris', 'Ile-de-France', 'Ile-de-France', '014-000');
INSERT INTO SOCIETE(CODESOC, NOMSOC, VILLESOC, DEPARTEMENTSOC, REGIONSOC, CODEDO) VALUES('45077204100239', 'HUGO BOSS', 'Paris', 'Ile-de-France', 'Ile-de-France', '014-001');

/* Insertion des Services */
INSERT INTO SERVICE(NOMSE, CODESOC) VALUES('Comptabilité', '47994258300069');
INSERT INTO SERVICE(NOMSE, CODESOC) VALUES('Ressources Humaines', '47994258300069');
INSERT INTO SERVICE(NOMSE, CODESOC) VALUES('Comptabilité', '33070384400036');
INSERT INTO SERVICE(NOMSE, CODESOC) VALUES('Ressources Humaines', '33070384400036');
INSERT INTO SERVICE(NOMSE, CODESOC) VALUES('Comptabilité', '32682006500083');
INSERT INTO SERVICE(NOMSE, CODESOC) VALUES('Ressources Humaines', '32682006500083');
INSERT INTO SERVICE(NOMSE, CODESOC) VALUES('Comptabilité', '34899155500460');
INSERT INTO SERVICE(NOMSE, CODESOC) VALUES('Ressources Humaines', '34899155500460');
INSERT INTO SERVICE(NOMSE, CODESOC) VALUES('Comptabilité', '45077204100239');
INSERT INTO SERVICE(NOMSE, CODESOC) VALUES('Ressources Humaines', '45077204100239');

/* Insertion des Catégories */
INSERT INTO CATEGORIE(CODECAT, NOMCAT, SUPERCAT) VALUES('372c' , 'Cadres spécialistes des ressources humaines et du recrutement', 'Cadres administratifs et commerciaux d''entreprises');
INSERT INTO CATEGORIE(CODECAT, NOMCAT, SUPERCAT) VALUES('478a' , 'Techniciens d''étude et de développement en informatique', 'Techniciens (sauf techniciens tertiaires)');

/* Insertion des Employés */
INSERT INTO EMPLOYE(NOME, PRENOME,CODECAT,CODESE) VALUES('MARCINKOWSKY', 'Nicolas', '372c', 1);
INSERT INTO EMPLOYE(NOME, PRENOME,CODECAT,CODESE) VALUES('CHEOUX-DAMAS', 'Colin', '372c', 1);
INSERT INTO EMPLOYE(NOME, PRENOME,CODECAT,CODESE) VALUES('GIRAUD', 'Alexandre', '478a', 2);

/* Insertion des Achats */
INSERT INTO ACHAT(CODEP, CODEE, DATEA, QTE) VALUES( 1, 3, SYSDATE, 100);
INSERT INTO ACHAT(CODEP, CODEE, DATEA, QTE) VALUES( 1, 3, SYSDATE-1, 100);
INSERT INTO ACHAT(CODEP, CODEE, DATEA, QTE) VALUES( 1, 2, SYSDATE, 100);
INSERT INTO ACHAT(CODEP, CODEE, DATEA, QTE) VALUES( 4, 1, SYSDATE, 100);
INSERT INTO ACHAT(CODEP, CODEE, DATEA, QTE) VALUES( 1, 2, SYSDATE-3, 100);
INSERT INTO ACHAT(CODEP, CODEE, DATEA, QTE) VALUES( 4, 2, SYSDATE-40, 100);
INSERT INTO ACHAT(CODEP, CODEE, DATEA, QTE) VALUES( 4, 2, SYSDATE-100, 100);
INSERT INTO ACHAT(CODEP, CODEE, DATEA, QTE) VALUES( 1, 2, SYSDATE-10, 100);
INSERT INTO ACHAT(CODEP, CODEE, DATEA, QTE) VALUES( 4, 3, SYSDATE-20, 100);
INSERT INTO ACHAT(CODEP, CODEE, DATEA, QTE) VALUES( 1, 1, SYSDATE-100, 100);
INSERT INTO ACHAT(CODEP, CODEE, DATEA, QTE) VALUES( 1, 3, SYSDATE-105, 100);


/* Insertion des Locations */
INSERT INTO LOUER(CODEEX,CODEE, DATEL, DUREE_LOC) VALUES( 1,1,SYSDATE,3);
INSERT INTO LOUER(CODEEX,CODEE, DATEL, DUREE_LOC) VALUES( 2,1,SYSDATE-1,2);
INSERT INTO LOUER(CODEEX,CODEE, DATEL, DUREE_LOC) VALUES( 3,1,SYSDATE-1,4);
INSERT INTO LOUER(CODEEX,CODEE, DATEL, DUREE_LOC) VALUES(5,1,SYSDATE,3);

/* Insertion des Réductions*/ 
INSERT INTO REDUCTION(CODEG,CODECAT, ANNEE, REDUC_LOC, REDUC_ACHAT) VALUES( 'G0002', '478a',2018,0.1,0.21);
INSERT INTO REDUCTION(CODEG,CODECAT, ANNEE, REDUC_LOC, REDUC_ACHAT) VALUES( 'L0006', '478a',2018,0.1,0.1);
INSERT INTO REDUCTION(CODEG,CODECAT, ANNEE, REDUC_LOC, REDUC_ACHAT) VALUES( 'G0002', '372c',2018,0.21,0.1);
INSERT INTO REDUCTION(CODEG,CODECAT, ANNEE, REDUC_LOC, REDUC_ACHAT) VALUES( 'G0002', '478a',2017,0.15,0.01);
INSERT INTO REDUCTION(CODEG,CODECAT, ANNEE, REDUC_LOC, REDUC_ACHAT) VALUES( 'L0006', '478a',2017,0.12,0.12);
INSERT INTO REDUCTION(CODEG,CODECAT, ANNEE, REDUC_LOC, REDUC_ACHAT) VALUES( 'G0002', '372c',2017,0.14,0.13);
INSERT INTO REDUCTION(CODEG,CODECAT, ANNEE, REDUC_LOC, REDUC_ACHAT) VALUES( 'G0002', '478a',2016,0.1,0.2);
INSERT INTO REDUCTION(CODEG,CODECAT, ANNEE, REDUC_LOC, REDUC_ACHAT) VALUES( 'L0006', '478a',2016,0.04,0.06);
INSERT INTO REDUCTION(CODEG,CODECAT, ANNEE, REDUC_LOC, REDUC_ACHAT) VALUES( 'G0002', '372c',2016,0.05,0.03);
INSERT INTO REDUCTION(CODEG,CODECAT, ANNEE, REDUC_LOC, REDUC_ACHAT) VALUES( 'G0002', '478a',2015,0.17,0.12);
INSERT INTO REDUCTION(CODEG,CODECAT, ANNEE, REDUC_LOC, REDUC_ACHAT) VALUES( 'L0006', '478a',2015,0.10,0.16);
INSERT INTO REDUCTION(CODEG,CODECAT, ANNEE, REDUC_LOC, REDUC_ACHAT) VALUES( 'G0002', '372c',2015,0.12,0.11);
INSERT INTO REDUCTION(CODEG,CODECAT, ANNEE, REDUC_LOC, REDUC_ACHAT) VALUES( 'G0002', '478a',2014,0.07,0.05);
INSERT INTO REDUCTION(CODEG,CODECAT, ANNEE, REDUC_LOC, REDUC_ACHAT) VALUES( 'L0006', '478a',2014,0.12,0.1);
INSERT INTO REDUCTION(CODEG,CODECAT, ANNEE, REDUC_LOC, REDUC_ACHAT) VALUES( 'G0002', '372c',2014,0.08,0.08);

INSERT INTO PRODUIT(NOMP, MARQUEP, PRIX_LOC_JOUR, PRIX_VENTE, CODEG) VALUES('DVD: Star Wars 1','Lucasfilm',1,5,'L0006');
INSERT INTO PRODUIT(NOMP, MARQUEP, PRIX_LOC_JOUR, PRIX_VENTE, CODEG) VALUES('DVD: Star Wars 2','Lucasfilm',1,5,'L0006');
INSERT INTO PRODUIT(NOMP, MARQUEP, PRIX_LOC_JOUR, PRIX_VENTE, CODEG) VALUES('DVD: Star Wars 3','Lucasfilm',1,5,'L0006');
INSERT INTO PRODUIT(NOMP, MARQUEP, PRIX_LOC_JOUR, PRIX_VENTE, CODEG) VALUES('DVD: Star Wars 4','Lucasfilm',1,5,'L0006');
INSERT INTO PRODUIT(NOMP, MARQUEP, PRIX_LOC_JOUR, PRIX_VENTE, CODEG) VALUES('DVD: Star Wars 5','Lucasfilm',1,5,'L0006');


INSERT INTO PRODUIT(NOMP, MARQUEP, PRIX_LOC_JOUR, PRIX_VENTE, CODEG) VALUES('DVD: la Guerre des étoiles','20th Century Fox',1,5,'L0006');
INSERT INTO PRODUIT(NOMP, MARQUEP, PRIX_LOC_JOUR, PRIX_VENTE, CODEG) VALUES('DVD: Alien le 8ème Passenger','Lucasfilm',1,5,'L0006');
INSERT INTO PRODUIT(NOMP, MARQUEP, PRIX_LOC_JOUR, PRIX_VENTE, CODEG) VALUES('DVD: l''Empire contre-attaque','Lucasfilm',1,5,'L0006');
INSERT INTO PRODUIT(NOMP, MARQUEP, PRIX_LOC_JOUR, PRIX_VENTE, CODEG) VALUES('DVD: Piège de cristal','Lucasfilm',1,5,'L0006');
INSERT INTO PRODUIT(NOMP, MARQUEP, PRIX_LOC_JOUR, PRIX_VENTE, CODEG) VALUES('DVD: Piège de cristal','Lucasfilm',1,5,'L0006');


INSERT INTO PRODUIT(NOMP, MARQUEP, PRIX_VENTE, CODEG) VALUES('Voyage en Chine', 'Fram', 500, 'V0001');
INSERT INTO PRODUIT(NOMP, MARQUEP, PRIX_VENTE, CODEG) VALUES('Voyage en Afrique', 'Fram', 500, 'V0001');
INSERT INTO PRODUIT(NOMP, MARQUEP, PRIX_VENTE, CODEG) VALUES('Voyage en Amérique', 'Fram', 500, 'V0001');
INSERT INTO PRODUIT(NOMP, MARQUEP, PRIX_VENTE, CODEG) VALUES('Voyage au Japon', 'Fram', 500, 'V0001');
INSERT INTO PRODUIT(NOMP, MARQUEP, PRIX_VENTE, CODEG) VALUES('Voyage en Italie', 'Fram', 500, 'V0001');


INSERT INTO PRODUIT(NOMP, MARQUEP, PRIX_VENTE, CODEG) VALUES('Granola', 'LU', 2, 'G0002');
INSERT INTO PRODUIT(NOMP, MARQUEP, PRIX_VENTE, CODEG) VALUES('Grany', 'LU', 1, 'G0002');
INSERT INTO PRODUIT(NOMP, MARQUEP, PRIX_VENTE, CODEG) VALUES('Gauffrettes', 'Brun', 1, 'G0002');
INSERT INTO PRODUIT(NOMP, MARQUEP, PRIX_VENTE, CODEG) VALUES('Choco', 'Milka', 2, 'G0002');
INSERT INTO PRODUIT(NOMP, MARQUEP, PRIX_VENTE, CODEG) VALUES('Choco blanc', 'Milka', 3, 'G0002');
INSERT INTO PRODUIT(NOMP, MARQUEP, PRIX_VENTE, CODEG) VALUES('Pépito', 'LU', 2, 'G0002');
INSERT INTO PRODUIT(NOMP, MARQUEP, PRIX_VENTE, CODEG) VALUES('Noisettes', 'Milka', 3, 'G0002');
INSERT INTO PRODUIT(NOMP, MARQUEP, PRIX_VENTE, CODEG) VALUES('Mini salé', 'Milka', 1, 'G0002');


INSERT INTO EXEMPLAIRE(CODEP) VALUES(7);
INSERT INTO EXEMPLAIRE(CODEP) VALUES(7);
INSERT INTO EXEMPLAIRE(CODEP) VALUES(7);
INSERT INTO EXEMPLAIRE(CODEP) VALUES(7);
INSERT INTO EXEMPLAIRE(CODEP) VALUES(7);

INSERT INTO EXEMPLAIRE(CODEP) VALUES(8);
INSERT INTO EXEMPLAIRE(CODEP) VALUES(8);
INSERT INTO EXEMPLAIRE(CODEP) VALUES(8);
INSERT INTO EXEMPLAIRE(CODEP) VALUES(8);
INSERT INTO EXEMPLAIRE(CODEP) VALUES(8);
INSERT INTO EXEMPLAIRE(CODEP) VALUES(8);
INSERT INTO EXEMPLAIRE(CODEP) VALUES(9);
INSERT INTO EXEMPLAIRE(CODEP) VALUES(9);
INSERT INTO EXEMPLAIRE(CODEP) VALUES(9);
INSERT INTO EXEMPLAIRE(CODEP) VALUES(9);
INSERT INTO EXEMPLAIRE(CODEP) VALUES(9);
INSERT INTO EXEMPLAIRE(CODEP) VALUES(9);
INSERT INTO EXEMPLAIRE(CODEP) VALUES(10);
INSERT INTO EXEMPLAIRE(CODEP) VALUES(10);
INSERT INTO EXEMPLAIRE(CODEP) VALUES(10);
INSERT INTO EXEMPLAIRE(CODEP) VALUES(10);
INSERT INTO EXEMPLAIRE(CODEP) VALUES(10);
INSERT INTO EXEMPLAIRE(CODEP) VALUES(10);
INSERT INTO EXEMPLAIRE(CODEP) VALUES(11);
INSERT INTO EXEMPLAIRE(CODEP) VALUES(11);
INSERT INTO EXEMPLAIRE(CODEP) VALUES(11);
INSERT INTO EXEMPLAIRE(CODEP) VALUES(11);
INSERT INTO EXEMPLAIRE(CODEP) VALUES(11);
INSERT INTO EXEMPLAIRE(CODEP) VALUES(11);
INSERT INTO EXEMPLAIRE(CODEP) VALUES(11);
INSERT INTO EXEMPLAIRE(CODEP) VALUES(12);
INSERT INTO EXEMPLAIRE(CODEP) VALUES(12);
INSERT INTO EXEMPLAIRE(CODEP) VALUES(12);
INSERT INTO EXEMPLAIRE(CODEP) VALUES(12);
INSERT INTO EXEMPLAIRE(CODEP) VALUES(12);
INSERT INTO EXEMPLAIRE(CODEP) VALUES(12);
INSERT INTO EXEMPLAIRE(CODEP) VALUES(13);
INSERT INTO EXEMPLAIRE(CODEP) VALUES(13);
INSERT INTO EXEMPLAIRE(CODEP) VALUES(14);
INSERT INTO EXEMPLAIRE(CODEP) VALUES(14);
INSERT INTO EXEMPLAIRE(CODEP) VALUES(14);
INSERT INTO EXEMPLAIRE(CODEP) VALUES(14);
INSERT INTO EXEMPLAIRE(CODEP) VALUES(14);
INSERT INTO EXEMPLAIRE(CODEP) VALUES(15);
INSERT INTO EXEMPLAIRE(CODEP) VALUES(15);
INSERT INTO EXEMPLAIRE(CODEP) VALUES(15);
INSERT INTO EXEMPLAIRE(CODEP) VALUES(15);
INSERT INTO EXEMPLAIRE(CODEP) VALUES(15);
INSERT INTO EXEMPLAIRE(CODEP) VALUES(15);
INSERT INTO EXEMPLAIRE(CODEP) VALUES(15);
INSERT INTO EXEMPLAIRE(CODEP) VALUES(15);
INSERT INTO EXEMPLAIRE(CODEP) VALUES(15);
INSERT INTO EXEMPLAIRE(CODEP) VALUES(16);
INSERT INTO EXEMPLAIRE(CODEP) VALUES(16);
INSERT INTO EXEMPLAIRE(CODEP) VALUES(16);
INSERT INTO EXEMPLAIRE(CODEP) VALUES(16);
INSERT INTO EXEMPLAIRE(CODEP) VALUES(16);
INSERT INTO EXEMPLAIRE(CODEP) VALUES(16);
INSERT INTO EXEMPLAIRE(CODEP) VALUES(16);
INSERT INTO EXEMPLAIRE(CODEP) VALUES(16);
INSERT INTO EXEMPLAIRE(CODEP) VALUES(16);
INSERT INTO EXEMPLAIRE(CODEP) VALUES(16);
INSERT INTO EXEMPLAIRE(CODEP) VALUES(16);




INSERT INTO EMPLOYE(NOME, PRENOME,CODECAT,CODESE) VALUES('LIU', 'Tianyuan', '372c', 1);
INSERT INTO EMPLOYE(NOME, PRENOME,CODECAT,CODESE) VALUES('ROUSSEL', 'Jordan', '372c', 2);
INSERT INTO EMPLOYE(NOME, PRENOME,CODECAT,CODESE) VALUES('CHADLI', 'Wassila', '478a', 3);
INSERT INTO EMPLOYE(NOME, PRENOME,CODECAT,CODESE) VALUES('SORGO', 'Zakia', '372c', 4);
INSERT INTO EMPLOYE(NOME, PRENOME,CODECAT,CODESE) VALUES('VAZZOLER', 'Andrea', '372c', 5);
INSERT INTO EMPLOYE(NOME, PRENOME,CODECAT,CODESE) VALUES('FAIVRE', 'Anouk', '478a', 6);
INSERT INTO EMPLOYE(NOME, PRENOME,CODECAT,CODESE) VALUES('CATTEZ', 'Edouard', '372c', 7);
INSERT INTO EMPLOYE(NOME, PRENOME,CODECAT,CODESE) VALUES('LEQUETTE', 'Teddy', '372c', 7);
INSERT INTO EMPLOYE(NOME, PRENOME,CODECAT,CODESE) VALUES('BOUROUIS', 'Sami', '478a', 6);
INSERT INTO EMPLOYE(NOME, PRENOME,CODECAT,CODESE) VALUES('LELEU', 'Julien', '372c', 5);
INSERT INTO EMPLOYE(NOME, PRENOME,CODECAT,CODESE) VALUES('LARTIGES', 'Delphine', '372c', 4);
INSERT INTO EMPLOYE(NOME, PRENOME,CODECAT,CODESE) VALUES('HERRERO', 'Sebastien', '478a', 3);
INSERT INTO EMPLOYE(NOME, PRENOME,CODECAT,CODESE) VALUES('FAIVRE', 'Anouk', '478a', 2);
INSERT INTO EMPLOYE(NOME, PRENOME,CODECAT,CODESE) VALUES('CATTEZ', 'Edouard', '372c', 1);
INSERT INTO EMPLOYE(NOME, PRENOME,CODECAT,CODESE) VALUES('LEQUETTE', 'Teddy', '372c', 1);
INSERT INTO EMPLOYE(NOME, PRENOME,CODECAT,CODESE) VALUES('BOUROUIS', 'Sami', '478a', 2);
INSERT INTO EMPLOYE(NOME, PRENOME,CODECAT,CODESE) VALUES('LELEU', 'Julien', '372c', 3);
INSERT INTO EMPLOYE(NOME, PRENOME,CODECAT,CODESE) VALUES('LARTIGES', 'Delphine', '372c',8);
INSERT INTO EMPLOYE(NOME, PRENOME,CODECAT,CODESE) VALUES('HERRERO', 'Sebastien', '478a', 9);


INSERT INTO EMPLOYE(NOME, PRENOME,CODECAT,CODESE) VALUES('TAHIRI', 'Othmane', '478a', 10);
INSERT INTO EMPLOYE(NOME, PRENOME,CODECAT,CODESE) VALUES('JOUAL', 'Alexandre', '372c', 10);
INSERT INTO EMPLOYE(NOME, PRENOME,CODECAT,CODESE) VALUES('BOUNAS', 'Alexandre', '372c', 10);
INSERT INTO EMPLOYE(NOME, PRENOME,CODECAT,CODESE) VALUES('TRAN', 'Mai', '478a', 2);
INSERT INTO EMPLOYE(NOME, PRENOME,CODECAT,CODESE) VALUES('PECH', 'Benjamin', '372c', 9);
INSERT INTO EMPLOYE(NOME, PRENOME,CODECAT,CODESE) VALUES('CANAZIN', 'Alex', '372c', 8);
INSERT INTO EMPLOYE(NOME, PRENOME,CODECAT,CODESE) VALUES('CORBIERE', 'Lucie', '478a', 8);
INSERT INTO EMPLOYE(NOME, PRENOME,CODECAT,CODESE) VALUES('MOLL', 'Romane', '478a', 8);
INSERT INTO EMPLOYE(NOME, PRENOME,CODECAT,CODESE) VALUES('LACROIX', 'Fanny', '372c', 8);
INSERT INTO EMPLOYE(NOME, PRENOME,CODECAT,CODESE) VALUES('CHENG', 'Bo', '372c', 1);
INSERT INTO EMPLOYE(NOME, PRENOME,CODECAT,CODESE) VALUES('TIAN', 'Fuzhen', '478a', 8);
INSERT INTO EMPLOYE(NOME, PRENOME,CODECAT,CODESE) VALUES('CHEN', 'Jiahua', '372c', 6);
INSERT INTO EMPLOYE(NOME, PRENOME,CODECAT,CODESE) VALUES('REN', 'Jiaxuan', '372c', 6);
INSERT INTO EMPLOYE(NOME, PRENOME,CODECAT,CODESE) VALUES('AWAD', 'Seif', '478a', 6);







INSERT INTO RESERVER(CODEP, CODEE, DATELPREV, NB_EX_PREV, DATERESA, DUREE_PREV) VALUES( 1,3,TO_DATE('2017/01/02','YYYY/MM/DD'), 3, TO_DATE('2016/12/31','YYYY/MM/DD'),3);
INSERT INTO LOUER(CODEEX,CODEE, DATEL, DUREE_LOC) VALUES( 1,3,TO_DATE('2017/01/01','YYYY/MM/DD'),3);

INSERT INTO RESERVER(CODEP, CODEE, DATELPREV, NB_EX_PREV, DATERESA, DUREE_PREV) VALUES( 1,5,TO_DATE('2017/01/05','YYYY/MM/DD'), 1, TO_DATE('2016/12/31','YYYY/MM/DD'),3);
INSERT INTO LOUER(CODEEX,CODEE, DATEL, DUREE_LOC) VALUES( 1,5,TO_DATE('2017/01/05','YYYY/MM/DD'),3);

INSERT INTO RESERVER(CODEP, CODEE, DATELPREV, NB_EX_PREV, DATERESA, DUREE_PREV) VALUES( 2,4,TO_DATE('2017/01/05','YYYY/MM/DD'), 1, TO_DATE('2016/12/31','YYYY/MM/DD'),3);
INSERT INTO LOUER(CODEEX,CODEE, DATEL, DUREE_LOC) VALUES( 5,4,TO_DATE('2017/01/05','YYYY/MM/DD'),3);

INSERT INTO RESERVER(CODEP, CODEE, DATELPREV, NB_EX_PREV, DATERESA, DUREE_PREV) VALUES( 2,8,TO_DATE('2017/01/05','YYYY/MM/DD'), 1, TO_DATE('2016/12/31','YYYY/MM/DD'),3);
INSERT INTO LOUER(CODEEX,CODEE, DATEL, DUREE_LOC) VALUES( 6,8,TO_DATE('2017/01/05','YYYY/MM/DD'),3);

INSERT INTO RESERVER(CODEP, CODEE, DATELPREV, NB_EX_PREV, DATERESA, DUREE_PREV) VALUES( 3,5,TO_DATE('2017/01/20','YYYY/MM/DD'), 1, TO_DATE('2017/01/15','YYYY/MM/DD'),3);
INSERT INTO LOUER(CODEEX,CODEE, DATEL, DUREE_LOC) VALUES( 9,5,TO_DATE('2017/01/20','YYYY/MM/DD'),3);

INSERT INTO RESERVER(CODEP, CODEE, DATELPREV, NB_EX_PREV, DATERESA, DUREE_PREV) VALUES( 7,7,TO_DATE('2017/02/12','YYYY/MM/DD'), 1, TO_DATE('2017/02/10','YYYY/MM/DD'),3);
INSERT INTO LOUER(CODEEX,CODEE, DATEL, DUREE_LOC) VALUES( 10,7,TO_DATE('2017/02/12','YYYY/MM/DD'),3);

INSERT INTO RESERVER(CODEP, CODEE, DATELPREV, NB_EX_PREV, DATERESA, DUREE_PREV) VALUES( 7,5,TO_DATE('2017/02/13','YYYY/MM/DD'), 1, TO_DATE('2017/02/10','YYYY/MM/DD'),3);
INSERT INTO LOUER(CODEEX,CODEE, DATEL, DUREE_LOC) VALUES( 11,5,TO_DATE('2017/02/13','YYYY/MM/DD'),3);

INSERT INTO RESERVER(CODEP, CODEE, DATELPREV, NB_EX_PREV, DATERESA, DUREE_PREV) VALUES( 7,8,TO_DATE('2017/03/13','YYYY/MM/DD'), 1, TO_DATE('2017/03/10','YYYY/MM/DD'),3);
INSERT INTO LOUER(CODEEX,CODEE, DATEL, DUREE_LOC) VALUES( 12,8,TO_DATE('2017/03/13','YYYY/MM/DD'),3);

INSERT INTO RESERVER(CODEP, CODEE, DATELPREV, NB_EX_PREV, DATERESA, DUREE_PREV) VALUES( 8,8,TO_DATE('2017/03/13','YYYY/MM/DD'), 1, TO_DATE('2017/03/10','YYYY/MM/DD'),3);
INSERT INTO LOUER(CODEEX,CODEE, DATEL, DUREE_LOC) VALUES( 15,8,TO_DATE('2017/03/13','YYYY/MM/DD'),3);

INSERT INTO RESERVER(CODEP, CODEE, DATELPREV, NB_EX_PREV, DATERESA, DUREE_PREV) VALUES( 9,9,TO_DATE('2017/04/13','YYYY/MM/DD'), 1, TO_DATE('2017/03/10','YYYY/MM/DD'),3);
INSERT INTO LOUER(CODEEX,CODEE, DATEL, DUREE_LOC) VALUES( 21,9,TO_DATE('2017/04/13','YYYY/MM/DD'),3);

INSERT INTO RESERVER(CODEP, CODEE, DATELPREV, NB_EX_PREV, DATERESA, DUREE_PREV) VALUES( 9,25,TO_DATE('2017/05/13','YYYY/MM/DD'), 1, TO_DATE('2017/05/10','YYYY/MM/DD'),3);
INSERT INTO LOUER(CODEEX,CODEE, DATEL, DUREE_LOC) VALUES( 24,25,TO_DATE('2017/05/13','YYYY/MM/DD'),3);

INSERT INTO RESERVER(CODEP, CODEE, DATELPREV, NB_EX_PREV, DATERESA, DUREE_PREV) VALUES( 9,16,TO_DATE('2017/06/13','YYYY/MM/DD'), 1, TO_DATE('2017/06/10','YYYY/MM/DD'),3);
INSERT INTO LOUER(CODEEX,CODEE, DATEL, DUREE_LOC) VALUES( 26,16,TO_DATE('2017/06/13','YYYY/MM/DD'),3);

INSERT INTO RESERVER(CODEP, CODEE, DATELPREV, NB_EX_PREV, DATERESA, DUREE_PREV) VALUES( 10,14,TO_DATE('2017/06/18','YYYY/MM/DD'), 1, TO_DATE('2017/06/10','YYYY/MM/DD'),3);
INSERT INTO LOUER(CODEEX,CODEE, DATEL, DUREE_LOC) VALUES( 27,14,TO_DATE('2017/06/18','YYYY/MM/DD'),3);

INSERT INTO RESERVER(CODEP, CODEE, DATELPREV, NB_EX_PREV, DATERESA, DUREE_PREV) VALUES( 10,24,TO_DATE('2017/06/18','YYYY/MM/DD'), 1, TO_DATE('2017/06/10','YYYY/MM/DD'),3);
INSERT INTO LOUER(CODEEX,CODEE, DATEL, DUREE_LOC) VALUES( 28,24,TO_DATE('2017/06/18','YYYY/MM/DD'),3);

INSERT INTO RESERVER(CODEP, CODEE, DATELPREV, NB_EX_PREV, DATERESA, DUREE_PREV) VALUES( 12,34,TO_DATE('2017/06/18','YYYY/MM/DD'), 1, TO_DATE('2017/06/10','YYYY/MM/DD'),3);
INSERT INTO LOUER(CODEEX,CODEE, DATEL, DUREE_LOC) VALUES( 40,34,TO_DATE('2017/06/18','YYYY/MM/DD'),3);

INSERT INTO RESERVER(CODEP, CODEE, DATELPREV, NB_EX_PREV, DATERESA, DUREE_PREV) VALUES( 10,33,TO_DATE('2017/07/18','YYYY/MM/DD'), 1, TO_DATE('2017/07/10','YYYY/MM/DD'),3);
INSERT INTO LOUER(CODEEX,CODEE, DATEL, DUREE_LOC) VALUES( 28,33,TO_DATE('2017/07/18','YYYY/MM/DD'),3);

INSERT INTO RESERVER(CODEP, CODEE, DATELPREV, NB_EX_PREV, DATERESA, DUREE_PREV) VALUES( 11,25,TO_DATE('2017/08/18','YYYY/MM/DD'), 1, TO_DATE('2017/08/10','YYYY/MM/DD'),3);
INSERT INTO LOUER(CODEEX,CODEE, DATEL, DUREE_LOC) VALUES( 35,25,TO_DATE('2017/08/18','YYYY/MM/DD'),3);

INSERT INTO RESERVER(CODEP, CODEE, DATELPREV, NB_EX_PREV, DATERESA, DUREE_PREV) VALUES( 14,17,TO_DATE('2017/08/18','YYYY/MM/DD'), 1, TO_DATE('2017/08/10','YYYY/MM/DD'),3);
INSERT INTO LOUER(CODEEX,CODEE, DATEL, DUREE_LOC) VALUES( 49,17,TO_DATE('2017/08/18','YYYY/MM/DD'),3);

INSERT INTO RESERVER(CODEP, CODEE, DATELPREV, NB_EX_PREV, DATERESA, DUREE_PREV) VALUES( 16,15,TO_DATE('2017/08/18','YYYY/MM/DD'), 1, TO_DATE('2017/08/10','YYYY/MM/DD'),3);
INSERT INTO LOUER(CODEEX,CODEE, DATEL, DUREE_LOC) VALUES( 62,15,TO_DATE('2017/08/18','YYYY/MM/DD'),3);

INSERT INTO RESERVER(CODEP, CODEE, DATELPREV, NB_EX_PREV, DATERESA, DUREE_PREV) VALUES( 9,16,TO_DATE('2017/08/18','YYYY/MM/DD'), 1, TO_DATE('2017/08/10','YYYY/MM/DD'),3);
INSERT INTO LOUER(CODEEX,CODEE, DATEL, DUREE_LOC) VALUES( 21,16,TO_DATE('2017/08/18','YYYY/MM/DD'),3);

INSERT INTO RESERVER(CODEP, CODEE, DATELPREV, NB_EX_PREV, DATERESA, DUREE_PREV) VALUES( 9,14,TO_DATE('2017/08/19','YYYY/MM/DD'), 1, TO_DATE('2017/08/16','YYYY/MM/DD'),3);
INSERT INTO LOUER(CODEEX,CODEE, DATEL, DUREE_LOC) VALUES( 22,14,TO_DATE('2017/08/19','YYYY/MM/DD'),3);

INSERT INTO RESERVER(CODEP, CODEE, DATELPREV, NB_EX_PREV, DATERESA, DUREE_PREV) VALUES( 2,12,TO_DATE('2017/08/18','YYYY/MM/DD'), 1, TO_DATE('2017/08/10','YYYY/MM/DD'),3);
INSERT INTO LOUER(CODEEX,CODEE, DATEL, DUREE_LOC) VALUES( 7,12,TO_DATE('2017/08/18','YYYY/MM/DD'),3);

INSERT INTO RESERVER(CODEP, CODEE, DATELPREV, NB_EX_PREV, DATERESA, DUREE_PREV) VALUES( 12,13,TO_DATE('2017/09/18','YYYY/MM/DD'), 1, TO_DATE('2017/09/10','YYYY/MM/DD'),3);
INSERT INTO LOUER(CODEEX,CODEE, DATEL, DUREE_LOC) VALUES( 40,13,TO_DATE('2017/09/18','YYYY/MM/DD'),3);

INSERT INTO RESERVER(CODEP, CODEE, DATELPREV, NB_EX_PREV, DATERESA, DUREE_PREV) VALUES( 14,11,TO_DATE('2017/10/18','YYYY/MM/DD'), 1, TO_DATE('2017/10/17','YYYY/MM/DD'),3);
INSERT INTO LOUER(CODEEX,CODEE, DATEL, DUREE_LOC) VALUES( 48,11,TO_DATE('2017/10/18','YYYY/MM/DD'),6);

INSERT INTO RESERVER(CODEP, CODEE, DATELPREV, NB_EX_PREV, DATERESA, DUREE_PREV) VALUES( 14,22,TO_DATE('2017/11/18','YYYY/MM/DD'), 1, TO_DATE('2017/11/14','YYYY/MM/DD'),3);
INSERT INTO LOUER(CODEEX,CODEE, DATEL, DUREE_LOC) VALUES( 51,22,TO_DATE('2017/11/18','YYYY/MM/DD'),5);

INSERT INTO RESERVER(CODEP, CODEE, DATELPREV, NB_EX_PREV, DATERESA, DUREE_PREV) VALUES( 10,24,TO_DATE('2017/12/18','YYYY/MM/DD'), 1, TO_DATE('2017/12/10','YYYY/MM/DD'),3);
INSERT INTO LOUER(CODEEX,CODEE, DATEL, DUREE_LOC) VALUES( 30,24,TO_DATE('2017/12/18','YYYY/MM/DD'),3);

INSERT INTO RESERVER(CODEP, CODEE, DATELPREV, NB_EX_PREV, DATERESA, DUREE_PREV) VALUES( 16,26,TO_DATE('2017/12/18','YYYY/MM/DD'), 1, TO_DATE('2017/12/10','YYYY/MM/DD'),3);
INSERT INTO LOUER(CODEEX,CODEE, DATEL, DUREE_LOC) VALUES( 63,26,TO_DATE('2017/12/18','YYYY/MM/DD'),3);



INSERT INTO RESERVER(CODEP, CODEE, DATELPREV, NB_EX_PREV, DATERESA, DUREE_PREV) VALUES( 1,1,TO_DATE('2018/01/05','YYYY/MM/DD'), 1, TO_DATE('2017/12/31','YYYY/MM/DD'),3);
INSERT INTO LOUER(CODEEX,CODEE, DATEL, DUREE_LOC) VALUES( 1,1,TO_DATE('2018/01/05','YYYY/MM/DD'),3);

INSERT INTO RESERVER(CODEP, CODEE, DATELPREV, NB_EX_PREV, DATERESA, DUREE_PREV) VALUES( 2,2,TO_DATE('2018/01/05','YYYY/MM/DD'), 1, TO_DATE('2017/12/31','YYYY/MM/DD'),3);
INSERT INTO LOUER(CODEEX,CODEE, DATEL, DUREE_LOC) VALUES( 5,2,TO_DATE('2018/01/05','YYYY/MM/DD'),3);

INSERT INTO RESERVER(CODEP, CODEE, DATELPREV, NB_EX_PREV, DATERESA, DUREE_PREV) VALUES( 2,3,TO_DATE('2018/01/05','YYYY/MM/DD'), 1, TO_DATE('2017/12/31','YYYY/MM/DD'),3);
INSERT INTO LOUER(CODEEX,CODEE, DATEL, DUREE_LOC) VALUES( 6,3,TO_DATE('2018/01/05','YYYY/MM/DD'),3);

INSERT INTO RESERVER(CODEP, CODEE, DATELPREV, NB_EX_PREV, DATERESA, DUREE_PREV) VALUES( 3,26,TO_DATE('2018/01/20','YYYY/MM/DD'), 1, TO_DATE('2018/01/15','YYYY/MM/DD'),3);
INSERT INTO LOUER(CODEEX,CODEE, DATEL, DUREE_LOC) VALUES( 9,26,TO_DATE('2018/01/20','YYYY/MM/DD'),3);

INSERT INTO RESERVER(CODEP, CODEE, DATELPREV, NB_EX_PREV, DATERESA, DUREE_PREV) VALUES( 7,27,TO_DATE('2018/02/12','YYYY/MM/DD'), 1, TO_DATE('2018/02/10','YYYY/MM/DD'),3);
INSERT INTO LOUER(CODEEX,CODEE, DATEL, DUREE_LOC) VALUES( 14,27,TO_DATE('2018/02/12','YYYY/MM/DD'),3);

INSERT INTO RESERVER(CODEP, CODEE, DATELPREV, NB_EX_PREV, DATERESA, DUREE_PREV) VALUES( 7,28,TO_DATE('2018/02/13','YYYY/MM/DD'), 1, TO_DATE('2018/02/10','YYYY/MM/DD'),3);
INSERT INTO LOUER(CODEEX,CODEE, DATEL, DUREE_LOC) VALUES( 13,28,TO_DATE('2018/02/13','YYYY/MM/DD'),3);

INSERT INTO RESERVER(CODEP, CODEE, DATELPREV, NB_EX_PREV, DATERESA, DUREE_PREV) VALUES( 7,14,TO_DATE('2018/02/15','YYYY/MM/DD'), 1, TO_DATE('2018/02/10','YYYY/MM/DD'),3);
INSERT INTO LOUER(CODEEX,CODEE, DATEL, DUREE_LOC) VALUES( 12,14,TO_DATE('2018/02/15','YYYY/MM/DD'),3);

INSERT INTO RESERVER(CODEP, CODEE, DATELPREV, NB_EX_PREV, DATERESA, DUREE_PREV) VALUES( 8,16,TO_DATE('2018/01/13','YYYY/MM/DD'), 1, TO_DATE('2018/01/10','YYYY/MM/DD'),3);
INSERT INTO LOUER(CODEEX,CODEE, DATEL, DUREE_LOC) VALUES( 17,16,TO_DATE('2018/01/13','YYYY/MM/DD'),3);

INSERT INTO RESERVER(CODEP, CODEE, DATELPREV, NB_EX_PREV, DATERESA, DUREE_PREV) VALUES( 9,22,TO_DATE('2018/01/11','YYYY/MM/DD'), 1, TO_DATE('2018/01/10','YYYY/MM/DD'),3);
INSERT INTO LOUER(CODEEX,CODEE, DATEL, DUREE_LOC) VALUES( 26,22,TO_DATE('2018/01/13','YYYY/MM/DD'),3);

INSERT INTO RESERVER(CODEP, CODEE, DATELPREV, NB_EX_PREV, DATERESA, DUREE_PREV) VALUES( 9,18,TO_DATE('2018/02/17','YYYY/MM/DD'), 1, TO_DATE('2018/02/15','YYYY/MM/DD'),3);
INSERT INTO LOUER(CODEEX,CODEE, DATEL, DUREE_LOC) VALUES( 25,18,TO_DATE('2018/02/17','YYYY/MM/DD'),3);

INSERT INTO RESERVER(CODEP, CODEE, DATELPREV, NB_EX_PREV, DATERESA, DUREE_PREV) VALUES( 9,19,TO_DATE('2018/01/01','YYYY/MM/DD'), 1, TO_DATE('2018/01/01','YYYY/MM/DD'),3);
INSERT INTO LOUER(CODEEX,CODEE, DATEL, DUREE_LOC) VALUES( 21,19,TO_DATE('2018/01/01','YYYY/MM/DD'),3);

INSERT INTO ACHAT(CODEP, CODEE, DATEA, QTE) VALUES( 1, 17, TO_DATE('2018/01/01','YYYY/MM/DD'), 100);
INSERT INTO ACHAT(CODEP, CODEE, DATEA, QTE) VALUES( 2, 18, TO_DATE('2018/01/02','YYYY/MM/DD'), 100);
INSERT INTO ACHAT(CODEP, CODEE, DATEA, QTE) VALUES( 1, 18, TO_DATE('2018/01/02','YYYY/MM/DD'), 100);
INSERT INTO ACHAT(CODEP, CODEE, DATEA, QTE) VALUES( 3, 26, TO_DATE('2018/01/03','YYYY/MM/DD'), 100);
INSERT INTO ACHAT(CODEP, CODEE, DATEA, QTE) VALUES( 4, 25, TO_DATE('2018/01/04','YYYY/MM/DD'), 100);

INSERT INTO ACHAT(CODEP, CODEE, DATEA, QTE) VALUES( 12, 27, TO_DATE('2018/02/01','YYYY/MM/DD'), 100);
INSERT INTO ACHAT(CODEP, CODEE, DATEA, QTE) VALUES( 14, 2, TO_DATE('2018/02/02','YYYY/MM/DD'), 100);
INSERT INTO ACHAT(CODEP, CODEE, DATEA, QTE) VALUES( 3, 3, TO_DATE('2018/01/04','YYYY/MM/DD'), 100);
INSERT INTO ACHAT(CODEP, CODEE, DATEA, QTE) VALUES( 3, 5, TO_DATE('2018/02/14','YYYY/MM/DD'), 15);
INSERT INTO ACHAT(CODEP, CODEE, DATEA, QTE) VALUES( 1, 4, TO_DATE('2017/01/01','YYYY/MM/DD'), 100);

INSERT INTO ACHAT(CODEP, CODEE, DATEA, QTE) VALUES( 2, 4, TO_DATE('2017/03/01','YYYY/MM/DD'), 100);
INSERT INTO ACHAT(CODEP, CODEE, DATEA, QTE) VALUES( 16, 6, TO_DATE('2017/06/01','YYYY/MM/DD'), 100);
INSERT INTO ACHAT(CODEP, CODEE, DATEA, QTE) VALUES( 6, 7, TO_DATE('2017/06/01','YYYY/MM/DD'), 100);
INSERT INTO ACHAT(CODEP, CODEE, DATEA, QTE) VALUES( 1, 8, TO_DATE('2017/05/01','YYYY/MM/DD'), 100);
INSERT INTO ACHAT(CODEP, CODEE, DATEA, QTE) VALUES( 6, 9, TO_DATE('2017/07/01','YYYY/MM/DD'), 100);
